{"cameraMode":{"drawMode":0,"name":"Shaded","section":"Shading Mode"},"sceneLighting":true,"audioPlay":false,"sceneViewState":{"m_AlwaysRefresh":false,"showFog":true,"showSkybox":true,"showFlares":true,"showImageEffects":true,"showParticleSystems":true,"showVisualEffectGraphs":true,"m_FxEnabled":false},"in2DMode":false,"pivot":{"x":-9.022157669067383,"y":3.6078872680664064,"z":-1.5212154388427735},"rotation":{"x":0.0006986169028095901,"y":-0.9990262985229492,"z":0.04079272598028183,"w":0.017090659588575364},"size":13.254525184631348,"orthographic":false}