{"cameraMode":{"drawMode":0,"name":"Shaded","section":"Shading Mode"},"sceneLighting":true,"audioPlay":false,"sceneViewState":{"m_AlwaysRefresh":false,"showFog":true,"showSkybox":true,"showFlares":true,"showImageEffects":true,"showParticleSystems":true,"showVisualEffectGraphs":true,"m_FxEnabled":false},"in2DMode":false,"pivot":{"x":-1.4629793167114258,"y":2.9301369190216066,"z":2.316183090209961},"rotation":{"x":0.06810588389635086,"y":-0.44525277614593508,"z":-0.033990371972322467,"w":-0.8921670317649841},"size":4.527447700500488,"orthographic":false}