{"cameraMode":{"drawMode":0,"name":"Shaded","section":"Shading Mode"},"sceneLighting":true,"audioPlay":false,"sceneViewState":{"m_AlwaysRefresh":false,"showFog":true,"showSkybox":true,"showFlares":true,"showImageEffects":true,"showParticleSystems":true,"showVisualEffectGraphs":true,"m_FxEnabled":false},"in2DMode":false,"pivot":{"x":-6.955296516418457,"y":1.4029189348220826,"z":-1.5049152374267579},"rotation":{"x":0.02276645228266716,"y":0.06025763601064682,"z":-0.0013756213011220098,"w":0.9979280829429627},"size":12.81305980682373,"orthographic":false}