{"cameraMode":{"drawMode":0,"name":"Shaded","section":"Shading Mode"},"sceneLighting":true,"audioPlay":false,"sceneViewState":{"m_AlwaysRefresh":false,"showFog":true,"showSkybox":false,"showFlares":true,"showImageEffects":true,"showParticleSystems":true,"showVisualEffectGraphs":true,"m_FxEnabled":false},"in2DMode":false,"pivot":{"x":-1.1038155555725098,"y":-6.531671047210693,"z":-25.04857635498047},"rotation":{"x":0.004806105978786945,"y":0.03929916396737099,"z":-0.00018865885795094073,"w":0.9992239475250244},"size":62.47541046142578,"orthographic":false}